inputSize,BaseX,BaseXRExLLExternal,BaseXRExLALRExternal,BaseXRExLL,BaseXRExLALR,BaseXIxml,Saxon,SaxonRExLLExternal,SaxonRExLALRExternal,SaxonRExLL,SaxonRExLALR,SaxonIxmlEarley,SaxonIxmlGLL
7755.2,164.3626937866211,148.4302520751953,164.36263275146484,169.3062744140625,169.13695526123047,168.34043884277344,168.09932708740234,164.2280731201172,168.36489868164062,168.22288513183594,52.0,874.3914184570312,749.0299682617188
15499.8,172.07281494140625,168.19998931884766,168.62692260742188,161.9118423461914,169.08988189697266,168.69042205810547,168.12525177001953,172.51970672607422,172.5015106201172,176.36355590820312,56.251922607421875,2583.741256713867,1351.0583267211914
30998.6,172.04720306396484,164.9847412109375,172.74700164794922,173.82305145263672,165.4345703125,168.86587524414062,176.12926483154297,168.63291931152344,180.97563934326172,176.80585479736328,172.4628448486328,2952.28946685791,4148.646530151367
61996.2,168.68641662597656,174.45204162597656,173.14640045166016,214.56543731689453,169.19977569580078,168.48788452148438,168.4721908569336,165.84808349609375,174.15042877197266,173.37567901611328,173.16127014160156,3509.959114074707,4335.153137207031
