inputSize,BaseX,BaseXRExLLExternal,BaseXRExLALRExternal,BaseXRExLL,BaseXRExLALR,BaseXIxml,Saxon,SaxonRExLLExternal,SaxonRExLALRExternal,SaxonRExLL,SaxonRExLALR,SaxonIxmlEarley,SaxonIxmlGLL
7755.2,13465.396241503398,1609.0747338043586,1633.3646683927504,208.61851150742254,83.90803354070869,1107.2266508030934,23546.860625437108,2854.8172386272945,2817.472739958138,172.03194321206743,63.75301424917793,4.381633959847829,16.786147186147186
15499.8,13613.43345323741,2048.5331155331155,1998.075547117018,297.6327917282127,91.81439431335768,1528.0623381796454,23774.40862792091,2843.787887828162,2802.284789321646,162.95566847730856,62.14835605453087,4.452174412592635,18.52418134013226
30998.6,13535.426976373243,2194.591150442478,2295.2858130121435,321.6893654872504,94.06183412002697,1927.6594610601126,23197.8125374925,2953.1265257517116,2930.7323222375417,166.3461228870405,63.9894034266841,4.717390201588767,16.701231995977157
61996.2,11276.51784116887,1381.6506537242471,2224.300578034682,315.3952857385111,96.1082058701943,1656.668052256532,22946.645454545454,2782.8718204488778,2987.8413981111867,156.68795282224093,61.8148763626695,4.322240452143358,14.935484389053064
